<?xml version="1.0" encoding="UTF-8"?>
<teiCorpus xmlns="http://www.tei-c.org/ns/1.0" xmlns:tei="http://www.tei-c.org/ns/1.0">
   <teiHeader>
      <fileDesc>
         <titleStmt>
            <title>Title</title>
         </titleStmt>
         <publicationStmt>
            <p>Publication Information</p>
         </publicationStmt>
         <sourceDesc>
            <p>Information about the source</p>
         </sourceDesc>
      </fileDesc>
   </teiHeader>
   <TEI xml:id="item_9">
      <teiHeader>
         <fileDesc>
            <titleStmt>
               <title>El solar del poeta Zorrilla de San Martín </title>
               <title type="sous-titre">Desde el Uruguay</title>
               <author key="MORA GUARNIDO, José">MORA GUARNIDO, José</author>
               <editor role="auteur_revision">IDMHAND Fatiha (2014-09-24)&#xD; </editor>
               <editor role="auteur_revision">PASSION Laurent (2015-03-24)</editor>
               <editor role="auteur_description">PASSION Laurent (2014-04-18)</editor>
            </titleStmt>
            <publicationStmt>
               <authority>Projet ANR-CHispa (ANR-13-JSH3-0006), Fatiha Idmhand (P.I), Institut des textes et manuscrits modernes (UMR 8132, CNRS-ENS)
                  modernes, CNRS-ENS)</authority>
               <availability status="restricted">
                  <licence target="https://creativecommons.org/licenses/by-nc-sa/3.0/fr/">Fonds
                     ALCIDES GIRALDI Archives José Mora Guarnido. &#xD; Licence Creative Commons
                     CC-BY-NC-SA</licence>
               </availability>
            </publicationStmt>
            <sourceDesc>
               <msDesc type="Presse (Article rédigé par l’auteur)">
                  <msIdentifier>
                     <repository>Fonds Alcides GIRALDI - Archives José Mora Guarnido&#xD; Service
                        Commun de la Documentation - SCD Lille 3&#xD; Rue du Barreau 59653
                        Villeneuve d'Ascq&#xD; FRANCE</repository>
                     <idno>JMG-AA1-1929-06-19</idno>
                  </msIdentifier>
                  <physDesc>
                     <ab type="Etat_general">Moyen</ab>
                     <ab type="note">Ajout manuscrit du titre et de la date de la publication.
                        Article rédigé en mai 1929 à Montevideo</ab>
                     <objectDesc>
                        <supportDesc>
                           <support>
                              <p>
                                 <objectType>Coupure de presse</objectType>
                                 <material>Papier</material>
                              </p>
                           </support>
                           <extent>1 f., 1 p., 455 x 105 mm</extent>
                        </supportDesc>
                     </objectDesc>
                  </physDesc>
               </msDesc>
               <bibl>
                  <title level="j" type="Journal" subtype="Quotidien">La Libertad</title>
                  <settlement>Madrid</settlement>
                  <date>1929-06-19</date>
               </bibl>
            </sourceDesc>
         </fileDesc>
         <profileDesc>
            <langUsage>
               <language ident="spa">Espagnol</language>
            </langUsage>
            <creation>
               <date when="1929-06-19">1929-06-19</date>
            </creation>
            <textClass>
               <keywords>
                  <term type="subject">Desde el Uruguay</term>
                  <term type="subject">Littérature</term>
                  <term type="subject">Poésie</term>
                  <term type="subject">Zorrilla de San Martín</term>
                  <term type="place">Uruguay</term>
               </keywords>
            </textClass>
         </profileDesc>
      </teiHeader>
      <text>
         <body>
            <div>
               <p/>
            </div>
         </body>
      </text>
   </TEI>
   <TEI xml:id="item_10">
      <teiHeader>
         <fileDesc>
            <titleStmt>
               <title>El Tiempo 1942-01-22</title>
               <title type="sous-titre">España Republicana</title>
               <author key="MORA GUARNIDO, José">MORA GUARNIDO, José</author>
               <editor role="auteur_revision">IDMHAND Fatiha ( (2014-09-24)</editor>
               <editor role="auteur_revision">PASSION Laurent (2015-03-24)</editor>
               <editor role="auteur_description">PASSION Laurent (2014-04-18)</editor>
            </titleStmt>
            <publicationStmt>
               <authority>Projet ANR-CHispa (ANR-13-JSH3-0006), Fatiha Idmhand (P.I), Institut des textes et manuscrits modernes (UMR 8132, CNRS-ENS)
                  modernes, CNRS-ENS)</authority>
               <availability status="restricted">
                  <licence target="https://creativecommons.org/licenses/by-nc-sa/3.0/fr/">Fonds
                     ALCIDES GIRALDI Archives José Mora Guarnido. &#xD; Licence Creative Commons
                     CC-BY-NC-SA</licence>
               </availability>
            </publicationStmt>
            <sourceDesc>
               <msDesc type="Presse (Article rédigé par l’auteur)">
                  <msIdentifier>
                     <repository>Fonds Alcides GIRALDI - Archives José Mora Guarnido&#xD; Service
                        Commun de la Documentation - SCD Lille 3&#xD; Rue du Barreau 59653
                        Villeneuve d'Ascq&#xD; FRANCE&#xD; </repository>
                     <idno>JMG-AA1-1942-01-22</idno>
                  </msIdentifier>
                  <physDesc>
                     <ab type="Etat_general">Mauvais</ab>
                     <objectDesc>
                        <supportDesc>
                           <support>
                              <p>
                                 <objectType>Feuillet imprimé</objectType>
                                 <material>Papier</material>
                              </p>
                           </support>
                           <extent>1 f., 2 p., 580 x 430 mm</extent>
                        </supportDesc>
                     </objectDesc>
                  </physDesc>
               </msDesc>
               <bibl>
                  <settlement>Montevideo</settlement>
                  <date>1942-01-22</date>
               </bibl>
            </sourceDesc>
         </fileDesc>
         <profileDesc>
            <langUsage>
               <language ident="spa">Espagnol</language>
            </langUsage>
            <creation>
               <date when="1942-01-22">1942-01-22</date>
            </creation>
            <textClass>
               <keywords>
                  <term type="subject">Espagne Républicaine</term>
                  <term type="subject">Politique</term>
                  <term type="place">Uruguay</term>
               </keywords>
            </textClass>
         </profileDesc>
      </teiHeader>
      <text>
         <body>
            <div>
               <p/>
            </div>
         </body>
      </text>
   </TEI>
   <TEI xml:id="item_12">
      <teiHeader>
         <fileDesc>
            <titleStmt>
               <title>[Queridas María y Agustina: El correo me ha traído hoy el mejor regalo de
                  Reyes]</title>
               <author key="MORA GUARNIDO, José">MORA GUARNIDO, José</author>
               <editor role="auteur_revision">IDMHAND Fatiha (2014-05-21)</editor>
               <editor role="auteur_revision">PASSION Laurent (2015-05-07)</editor>
               <editor role="auteur_description">PASSION Laurent (2014-05-06)</editor>
            </titleStmt>
            <publicationStmt>
               <authority>Projet ANR-CHispa (ANR-13-JSH3-0006), Fatiha Idmhand (P.I), Institut des textes et manuscrits modernes (UMR 8132, CNRS-ENS)
                  modernes, CNRS-ENS)</authority>
               <availability status="restricted">
                  <licence target="https://creativecommons.org/licenses/by-nc-sa/3.0/fr/">Fonds
                     ALCIDES GIRALDI Archives José Mora Guarnido. Licence Creative Commons
                     CC-BY-NC-SA</licence>
               </availability>
            </publicationStmt>
            <sourceDesc>
               <msDesc type="Correspondance">
                  <msIdentifier>
                     <repository>Fonds Alcides GIRALDI - Archives José Mora Guarnido&#xD; Service
                        Commun de la Documentation - SCD Lille 3&#xD; Rue du Barreau 59653
                        Villeneuve d'Ascq&#xD; FRANCE</repository>
                     <idno>JMG-B-1955-01-06a</idno>
                  </msIdentifier>
                  <physDesc>
                     <ab type="Etat_general">Moyen</ab>
                     <ab type="note">Il s'agit, soit d'une lettre non expédiée par l'auteur, soit
                        d'une copie d'un courrier qui a pu être envoyé.</ab>
                     <objectDesc>
                        <supportDesc>
                           <support>
                              <p>
                                 <objectType>Lettre tapuscrite</objectType>
                                 <material>Papier</material>
                              </p>
                           </support>
                           <extent>1 f., 2 p., 293 x 230 mm</extent>
                        </supportDesc>
                     </objectDesc>
                  </physDesc>
               </msDesc>
               <bibl>
                  <date>Inédit</date>
               </bibl>
            </sourceDesc>
         </fileDesc>
         <profileDesc>
            <langUsage>
               <language ident="spa">Espagnol</language>
            </langUsage>
            <creation>
               <date when="1955-01-06">1955-01-06</date>
            </creation>
            <textClass>
               <keywords>
                  <term type="subject">Famille</term>
                  <term type="subject">Vie quotidienne</term>
               </keywords>
            </textClass>
            <correspDesc>
               <correspAction type="received">
                  <persName>MORA GUARNIDO, Maria</persName>
                  <persName>MORA GUARNIDO, Agustina</persName>
               </correspAction>
               <correspAction type="sent">
                  <placeName>Montevideo (Espagne)</placeName>
               </correspAction>
            </correspDesc>
         </profileDesc>
      </teiHeader>
      <text>
         <body>
            <div>
               <p/>
            </div>
         </body>
      </text>
   </TEI>
   <TEI xml:id="item_14">
      <teiHeader>
         <fileDesc>
            <titleStmt>
               <title>[En la poma del pecho, donde yo te besaba]</title>
               <author key="MORA GUARNIDO, José">MORA GUARNIDO, José</author>
               <editor role="auteur_revision">IDMHAND Fatiha (2014-12-01)</editor>
               <editor role="auteur_revision">PASSION Laurent (2015-04-13)</editor>
               <editor role="auteur_description">PASSION Laurent (2014-06-13)&#xD; </editor>
            </titleStmt>
            <publicationStmt>
               <authority>Projet ANR-CHispa (ANR-13-JSH3-0006), Fatiha Idmhand (P.I), Institut des textes et manuscrits modernes (UMR 8132, CNRS-ENS). </authority>
               <availability status="restricted">
                  <licence target="https://creativecommons.org/licenses/by-nc-sa/3.0/fr/">Fonds
                     ALCIDES GIRALDI Archives José Mora Guarnido. Licence Creative Commons
                     CC-BY-NC-SA</licence>
               </availability>
            </publicationStmt>
            <sourceDesc>
               <msDesc type="Poésie (Poème)">
                  <msIdentifier>
                     <repository>Fonds Alcides GIRALDI - Archives José Mora Guarnido&#xD; Service
                        Commun de la Documentation - SCD Lille 3&#xD; Rue du Barreau 59653
                        Villeneuve d'Ascq&#xD; FRANCE</repository>
                     <idno>JMG-AG-07-C0</idno>
                  </msIdentifier>
                  <physDesc>
                     <ab type="Etat_general">Bon</ab>
                     <ab type="note">Quelques ratures. Couleur de l'encre : noire. </ab>
                     <objectDesc>
                        <supportDesc>
                           <support>
                              <p>
                                 <objectType>Feuillets libres manuscrits</objectType>
                                 <material>Papier</material>
                              </p>
                           </support>
                           <extent>2 f., 2 p. dont une numérotée 2, 285 x 218 mm</extent>
                        </supportDesc>
                     </objectDesc>
                  </physDesc>
               </msDesc>
            </sourceDesc>
         </fileDesc>
         <profileDesc>
            <langUsage>
               <language ident="spa">Espagnol</language>
            </langUsage>
            <creation>
               <date when="1923/1967">1923/1967</date>
               <listChange ordered="true">
                  <change>Avant-texte</change>
               </listChange>
            </creation>
         </profileDesc>
      </teiHeader>
      <text>
         <body>
            <div>
               <p/>
            </div>
         </body>
      </text>
   </TEI>
   <TEI xml:id="item_16">
      <teiHeader>
         <fileDesc>
            <titleStmt>
               <title>Baltasar Brum, bandera de una revolución frustrada</title>
               <title type="sous-titre">Los hombres interesantes del Uruguay</title>
               <author key="MORA GUARNIDO, José">MORA GUARNIDO, José</author>
               <editor role="auteur_revision">PASSION Laurent (2015-04-09)</editor>
               <editor role="auteur_description">PASSION Laurent (2014-06-13)</editor>
            </titleStmt>
            <publicationStmt>
               <authority>Projet ANR-CHispa (ANR-13-JSH3-0006), Fatiha Idmhand (P.I), Institut des textes et manuscrits modernes (UMR 8132, CNRS-ENS).</authority>
               <availability status="restricted">
                  <licence target="https://creativecommons.org/licenses/by-nc-sa/3.0/fr/">Fonds
                     ALCIDES GIRALDI Archives José Mora Guarnido. Licence Creative Commons
                     CC-BY-NC-SA</licence>
               </availability>
            </publicationStmt>
            <sourceDesc>
               <msDesc type="Essai">
                  <msIdentifier>
                     <repository>Fonds Alcides GIRALDI - Archives José Mora Guarnido&#xD; Service
                        Commun de la Documentation - SCD Lille 3&#xD; Rue du Barreau 59653
                        Villeneuve d'Ascq&#xD; FRANCE</repository>
                     <idno>JMG-AD2-06-F1</idno>
                  </msIdentifier>
                  <physDesc>
                     <ab type="Etat_general">Bon</ab>
                     <ab type="note">Pas de correction. Couleur de l'encre : noire. Feuillets
                        jaunis.</ab>
                     <objectDesc>
                        <supportDesc>
                           <support>
                              <p>
                                 <objectType>Feuillets libres tapuscrits</objectType>
                                 <material>Papier</material>
                              </p>
                           </support>
                           <extent>3 f., 3 p. numérotées de 2 à 3, 355 x 225 mm</extent>
                        </supportDesc>
                     </objectDesc>
                  </physDesc>
               </msDesc>
            </sourceDesc>
         </fileDesc>
         <profileDesc>
            <langUsage>
               <language ident="spa">Espagnol</language>
            </langUsage>
            <creation>
               <date when="1961-04">1961-04</date>
               <listChange ordered="true">
                  <change>Fragment 1</change>
               </listChange>
            </creation>
            <textClass>
               <keywords>
                  <term type="subject">Baltasar Brum</term>
                  <term type="place">Uruguay</term>
               </keywords>
            </textClass>
         </profileDesc>
      </teiHeader>
      <text>
         <body>
            <div>
               <p/>
            </div>
         </body>
      </text>
   </TEI>
   <TEI xml:id="item_1793">
      <teiHeader>
         <fileDesc>
            <titleStmt>
               <title>El triunfador y su entusiasta</title>
               <title type="sous-titre">Cuentos españoles</title>
               <author key="MORA GUARNIDO, José">MORA GUARNIDO, José</author>
               <editor role="auteur_revision">PASSION Laurent (2015-03-20)</editor>
               <editor role="auteur_description">PASSION Laurent (2014-04-18)</editor>
            </titleStmt>
            <publicationStmt>
               <authority>Projet ANR-CHispa (ANR-13-JSH3-0006), Fatiha Idmhand (P.I), Institut des textes et manuscrits modernes (UMR 8132, CNRS-ENS).</authority>
               <availability status="restricted">
                  <licence target="https://creativecommons.org/licenses/by-nc-sa/3.0/fr/">Fonds
                     ALCIDES GIRALDI Archives José Mora Guarnido. &#xD; Licence Creative Commons
                     CC-BY-NC-SA</licence>
               </availability>
            </publicationStmt>
            <notesStmt>
               <note type="abstract">Récit bref dont le contexte est Pocitos, un quartier de
                  Montevideo.</note>
            </notesStmt>
            <sourceDesc>
               <msDesc type="Presse (Article rédigé par l’auteur)">
                  <msIdentifier>
                     <repository>Fonds Alcides GIRALDI - Archives José Mora Guarnido&#xD; Service
                        Commun de la Documentation - SCD Lille 3&#xD; Rue du Barreau 59653
                        Villeneuve d'Ascq&#xD; FRANCE</repository>
                     <idno>JMG-AA1-1924-01-00a</idno>
                  </msIdentifier>
                  <physDesc>
                     <ab type="Etat_general">Mauvais</ab>
                     <objectDesc>
                        <supportDesc>
                           <support>
                              <p>
                                 <objectType>Coupure de presse</objectType>
                                 <material>Papier</material>
                              </p>
                           </support>
                           <extent>1 f., 1 p., 228 x 160 mm</extent>
                        </supportDesc>
                     </objectDesc>
                  </physDesc>
               </msDesc>
               <bibl>
                  <title level="j" type="Journal">Non déterminé</title>
               </bibl>
            </sourceDesc>
         </fileDesc>
         <profileDesc>
            <langUsage>
               <language ident="spa">Espagnol</language>
            </langUsage>
            <creation>
               <date when="1924-01">1924-01</date>
            </creation>
            <textClass>
               <keywords>
                  <term type="subject">Cuentos españoles</term>
                  <term type="place">Uruguay</term>
                  <term type="place">Montevideo</term>
               </keywords>
            </textClass>
         </profileDesc>
      </teiHeader>
      <text>
         <body>
            <div>
               <p/>
            </div>
         </body>
      </text>
   </TEI>
   <TEI xml:id="item_1794">
      <teiHeader>
         <fileDesc>
            <titleStmt>
               <title>El romancero popular español y el Directorio</title>
               <author key="MORA GUARNIDO, José">MORA GUARNIDO, José</author>
               <editor role="auteur_revision">IDMHAND Fatiha (2014-05-22)</editor>
               <editor role="auteur_revision">PASSION Laurent (2015-03-20)</editor>
               <editor role="auteur_description">PASSION Laurent (2014-04-16)</editor>
            </titleStmt>
            <publicationStmt>
               <authority>Projet ANR-CHispa (ANR-13-JSH3-0006), Fatiha Idmhand (P.I), Institut des textes et manuscrits modernes (UMR 8132, CNRS-ENS).</authority>
               <availability status="restricted">
                  <licence target="https://creativecommons.org/licenses/by-nc-sa/3.0/fr/">Fonds
                     ALCIDES GIRALDI Archives José Mora Guarnido. &#xD; Licence Creative Commons
                     CC-BY-NC-SA</licence>
               </availability>
            </publicationStmt>
            <sourceDesc>
               <msDesc type="Presse (Article rédigé par l’auteur)">
                  <msIdentifier>
                     <repository>Fonds Alcides GIRALDI - Archives José Mora Guarnido&#xD; Service
                        Commun de la Documentation - SCD Lille 3&#xD; Rue du Barreau 59653
                        Villeneuve d'Ascq&#xD; FRANCE</repository>
                     <idno>JMG-AA1-1924-01-00b</idno>
                  </msIdentifier>
                  <physDesc>
                     <ab type="Etat_general">Mauvais</ab>
                     <ab type="note">Article rédigé à Montevideo (1924-01).</ab>
                     <objectDesc>
                        <supportDesc>
                           <support>
                              <p>
                                 <objectType>Coupure de presse</objectType>
                                 <material>Papier</material>
                              </p>
                           </support>
                           <extent>1 f., 1 p., 445 x 246 mm</extent>
                        </supportDesc>
                     </objectDesc>
                  </physDesc>
               </msDesc>
               <bibl>
                  <title level="j" type="Journal" subtype="Hebdomadaire">Correo de Galicia</title>
                  <settlement>Buenos Aires</settlement>
               </bibl>
            </sourceDesc>
         </fileDesc>
         <profileDesc>
            <langUsage>
               <language ident="spa">Espagnol</language>
            </langUsage>
            <creation>
               <date when="1924-01/1924-02">1924-01/1924-02</date>
            </creation>
            <textClass>
               <keywords>
                  <term type="subject">Littérature</term>
                  <term type="subject">Poésie</term>
               </keywords>
            </textClass>
         </profileDesc>
      </teiHeader>
      <text>
         <body>
            <div>
               <p/>
            </div>
         </body>
      </text>
   </TEI>
   <TEI xml:id="item_1795">
      <teiHeader>
         <fileDesc>
            <titleStmt>
               <title>Los recuerdos de antaño </title>
               <author key="MORA GUARNIDO, José">MORA GUARNIDO, José</author>
               <editor role="auteur_revision">IDMHAND Fatiha (2014-05-22)</editor>
               <editor role="auteur_revision">PASSION Laurent (2015-03-20)</editor>
               <editor role="auteur_description">PASSION Laurent (2014-04-16)</editor>
            </titleStmt>
            <publicationStmt>
               <authority>Projet ANR-CHispa (ANR-13-JSH3-0006), Fatiha Idmhand (P.I), Institut des textes et manuscrits modernes (UMR 8132, CNRS-ENS).</authority>
               <availability status="restricted">
                  <licence target="https://creativecommons.org/licenses/by-nc-sa/3.0/fr/">Fonds
                     ALCIDES GIRALDI Archives José Mora Guarnido. &#xD; Licence Creative Commons
                     CC-BY-NC-SA</licence>
               </availability>
            </publicationStmt>
            <sourceDesc>
               <msDesc type="Presse (Article rédigé par l’auteur)">
                  <msIdentifier>
                     <repository>Fonds Alcides GIRALDI - Archives José Mora Guarnido&#xD; Service
                        Commun de la Documentation - SCD Lille 3&#xD; Rue du Barreau 59653
                        Villeneuve d'Ascq&#xD; FRANCE</repository>
                     <idno>JMG-AA1-1924-03-00a</idno>
                  </msIdentifier>
                  <physDesc>
                     <ab type="Etat_general">Moyen</ab>
                     <ab type="note">Article rédigé à Montevideo (1924-02-22).&#xD; Des passages
                        soulignés.</ab>
                     <objectDesc>
                        <supportDesc>
                           <support>
                              <p>
                                 <objectType>Coupure de presse</objectType>
                                 <material>Papier</material>
                              </p>
                           </support>
                           <extent>1 f., 1 p., 360 x 134 mm</extent>
                        </supportDesc>
                     </objectDesc>
                  </physDesc>
               </msDesc>
               <bibl>
                  <title level="j" type="Journal" subtype="Quotidien">Noticiero Granadino</title>
                  <settlement>Grenade</settlement>
               </bibl>
            </sourceDesc>
         </fileDesc>
         <profileDesc>
            <langUsage>
               <language ident="spa">Espagnol</language>
            </langUsage>
            <creation>
               <date when="1924-02/1924-03">1924-02/1924-03</date>
            </creation>
            <textClass>
               <keywords>
                  <term type="subject">Souvenirs</term>
               </keywords>
            </textClass>
         </profileDesc>
      </teiHeader>
      <text>
         <body>
            <div>
               <p/>
            </div>
         </body>
      </text>
   </TEI>
   <TEI xml:id="item_2018">
      <teiHeader>
         <fileDesc>
            <titleStmt>
               <title>Las amistades prescritas [C2]</title>
               <author key="MORA GUARNIDO, José">MORA GUARNIDO, José</author>
               <editor role="auteur_revision">PASSION Laurent (2015-03-24)</editor>
               <editor role="auteur_description">PASSION Laurent (2014-05-20)</editor>
            </titleStmt>
            <publicationStmt>
               <authority>Projet ANR-CHispa (ANR-13-JSH3-0006), Fatiha Idmhand (P.I), Institut des textes et manuscrits modernes (UMR 8132, CNRS-ENS)
                  CNRS-ENS ; ANR JCJC CHispa).</authority>
               <availability status="restricted">
                  <licence target="https://creativecommons.org/licenses/by-nc-sa/3.0/fr/">Fonds
                     ALCIDES GIRALDI Archives José Mora Guarnido. &#xD; Licence Creative Commons
                     CC-BY-NC-SA</licence>
               </availability>
            </publicationStmt>
            <notesStmt>
               <note type="abstract">Récit inachevé. L'action se déroule à Montevideo, au café
                  Tupinambá, à une époque contemporaine de l'auteur.</note>
               <relatedItem>
                  <msDesc>
                     <msIdentifier>
                        <idno>JMG-AB1-01-C1</idno>
                     </msIdentifier>
                  </msDesc>
               </relatedItem>
               <relatedItem>
                  <msDesc>
                     <msIdentifier>
                        <idno>JMG-AB1-01-C3</idno>
                     </msIdentifier>
                  </msDesc>
               </relatedItem>
            </notesStmt>
            <sourceDesc>
               <msDesc type="Récit">
                  <msIdentifier>
                     <repository>Fonds Alcides GIRALDI - Archives José Mora Guarnido&#xD; Service
                        Commun de la Documentation - SCD Lille 3&#xD; Rue du Barreau 59653
                        Villeneuve d'Ascq&#xD; FRANCE&#xD; </repository>
                     <idno>JMG-AB1-01-C2</idno>
                  </msIdentifier>
                  <physDesc>
                     <ab type="Etat_general">Bon</ab>
                     <ab type="note">Nombreuses corrections. Couleur de l'encre : noire. Couleur des
                        corrections : noire et crayon. &#xD; Dernier feuillet déchiré sur le côté. </ab>
                     <objectDesc>
                        <supportDesc>
                           <support>
                              <p>
                                 <objectType>Feuillets libres tapuscrits</objectType>
                                 <material>Papier</material>
                              </p>
                           </support>
                           <extent>32 f., 32 p. numérotés de 2 à 32, 318 x 224 mm</extent>
                        </supportDesc>
                     </objectDesc>
                  </physDesc>
               </msDesc>
               <bibl>
                  <date>Inédit</date>
               </bibl>
            </sourceDesc>
         </fileDesc>
         <profileDesc>
            <langUsage>
               <language ident="spa">Espagnol</language>
            </langUsage>
            <creation>
               <date when="1935/1945">1935/1945</date>
               <listChange ordered="true">
                  <change>Copie 2</change>
               </listChange>
            </creation>
            <textClass>
               <keywords>
                  <term type="subject">Café Tupinamba</term>
                  <term type="place">Amérique</term>
                  <term type="place">Uruguay</term>
                  <term type="place">Montevideo</term>
               </keywords>
            </textClass>
         </profileDesc>
      </teiHeader>
      <text>
         <body>
            <div>
               <p/>
            </div>
         </body>
      </text>
   </TEI>
   <TEI xml:id="item_2174">
      <teiHeader>
         <fileDesc>
            <titleStmt>
               <title>Alfonso de Mena, rey sin corona [C2]</title>
               <author key="MORA GUARNIDO, José">MORA GUARNIDO, José</author>
               <editor role="auteur_revision">PASSION Laurent (2015-03-31)</editor>
               <editor role="auteur_description">PASSION Laurent (2014-05-27)</editor>
               <editor role="auteur_analyse">IDMHAND Fatiha</editor>
            </titleStmt>
            <publicationStmt>
               <authority>Projet ANR-CHispa (ANR-13-JSH3-0006), Fatiha Idmhand (P.I), Institut des textes et manuscrits modernes (UMR 8132, CNRS-ENS)
                  CNRS-ENS ; ANR JCJC CHispa).</authority>
               <availability status="restricted">
                  <licence target="https://creativecommons.org/licenses/by-nc-sa/3.0/fr/">Fonds
                     ALCIDES GIRALDI Archives José Mora Guarnido. &#xD; Licence Creative Commons
                     CC-BY-NC-SA</licence>
               </availability>
            </publicationStmt>
            <seriesStmt>
               <title>Los recuerdos periodísticos </title>
            </seriesStmt>
            <notesStmt>
               <note type="abstract">Ce récit fait partie d'une série de quatre récits brefs
                  regroupés par José Mora Guarnido sous le titre de « &lt;em&gt;Los recuerdos
                  periodísticos&lt;/em&gt; » : "Alfonso de Mena, rey sin corona", "La camella del
                  ECLA", "Diálogo sobre Paco Acosta" et "Un quid pro quo fenomenal".</note>
               <relatedItem>
                  <msDesc>
                     <msIdentifier>
                        <idno>JMG-AB2-26-C1</idno>
                     </msIdentifier>
                  </msDesc>
               </relatedItem>
               <relatedItem>
                  <msDesc>
                     <msIdentifier>
                        <idno>JMG-AB2-26-C3</idno>
                     </msIdentifier>
                  </msDesc>
               </relatedItem>
            </notesStmt>
            <sourceDesc>
               <msDesc type="Récit">
                  <msIdentifier>
                     <repository>Fonds Alcides GIRALDI - Archives José Mora Guarnido&#xD; Service
                        Commun de la Documentation - SCD Lille 3&#xD; Rue du Barreau 59653
                        Villeneuve d'Ascq&#xD; FRANCE</repository>
                     <idno>JMG-AB2-26-C2</idno>
                  </msIdentifier>
                  <physDesc>
                     <ab type="Etat_general">Bon</ab>
                     <ab type="note">Rares corrections. Couleur de l'encre : noire. Couleur des
                        corrections : encre bleue, stylo bleu. Le dernier feuillet comporte la date
                        tapuscrite. La page de garde du dossier constitué comporte le titre de la
                        série manuscrit, ainsi que le numéro 4.</ab>
                     <objectDesc>
                        <supportDesc>
                           <support>
                              <p>
                                 <objectType>Feuillets libres perforés tapuscrits</objectType>
                                 <material>Papier</material>
                              </p>
                           </support>
                           <extent>16 f, 16 p.. numérotées de 2 à 16, 317 x 224 mm</extent>
                        </supportDesc>
                     </objectDesc>
                  </physDesc>
               </msDesc>
               <bibl>
                  <date>Inédit</date>
               </bibl>
            </sourceDesc>
         </fileDesc>
         <profileDesc>
            <langUsage>
               <language ident="spa">Espagnol</language>
            </langUsage>
            <creation>
               <date when="1959-10-06">1959-10-06</date>
               <listChange ordered="true">
                  <change>Copie 2</change>
               </listChange>
            </creation>
            <textClass>
               <keywords>
                  <term type="subject">Los recuerdos periodísticos</term>
                  <term type="place">Europe</term>
                  <term type="place">Espagne</term>
                  <term type="place">Grenade</term>
               </keywords>
            </textClass>
         </profileDesc>
      </teiHeader>
      <text>
         <body>
            <div>
               <p/>
            </div>
         </body>
      </text>
   </TEI>
   <TEI xml:id="item_2887">
      <teiHeader>
         <fileDesc>
            <titleStmt>
               <title>S.E. El Presidente de la República Española se dirige al País</title>
               <author key="AZAÑA, Manuel">AZAÑA, Manuel</author>
               <editor role="auteur_revision">PASSION Laurent (2015-05-15)</editor>
               <editor role="auteur_description">PASSION Laurent (2014-04-23)</editor>
            </titleStmt>
            <publicationStmt>
               <authority>Projet ANR-CHispa (ANR-13-JSH3-0006), Fatiha Idmhand (P.I), Institut des textes et manuscrits modernes (UMR 8132, CNRS-ENS)
                  CNRS-ENS ; ANR JCJC CHispa).</authority>
               <availability status="restricted">
                  <licence target="https://creativecommons.org/licenses/by-nc-sa/3.0/fr/">Fonds
                     ALCIDES GIRALDI Archives José Mora Guarnido. Licence Creative Commons
                     CC-BY-NC-SA</licence>
               </availability>
            </publicationStmt>
            <notesStmt>
               <note type="abstract">Discours prononcé à Barcelone le 18 juillet 1938, par le
                  Président de la République Espagnole, Manuel Azaña, pour le deuxième anniversaire
                  de la Guerre Civile. Discours parvenu à Montevideo par voie aérienne et imprimé
                  sur place pour y être diffusé. </note>
            </notesStmt>
            <sourceDesc>
               <msDesc type="Documentation" subtype="Proclamation">
                  <msIdentifier>
                     <repository>Fonds Alcides GIRALDI - Archives José Mora Guarnido Service Commun
                        de la Documentation - SCD Lille 3 Rue du Barreau 59653 Villeneuve d'Ascq
                        FRANCE</repository>
                     <idno>JMG-CA1-1938-07-18</idno>
                  </msIdentifier>
                  <physDesc>
                     <ab type="Etat_general">Mauvais</ab>
                     <objectDesc>
                        <supportDesc>
                           <support>
                              <p>
                                 <objectType>Feuillet imprimé</objectType>
                                 <material>Papier</material>
                              </p>
                           </support>
                           <extent>1 f. double, 4 p., 400 x 295 mm</extent>
                        </supportDesc>
                     </objectDesc>
                  </physDesc>
               </msDesc>
               <bibl>
                  <title level="j" type="Journal">Non déterminé</title>
               </bibl>
            </sourceDesc>
         </fileDesc>
         <profileDesc>
            <langUsage>
               <language ident="spa">Espagnol</language>
            </langUsage>
            <creation>
               <date when="1938-07-18">1938-07-18</date>
            </creation>
            <textClass>
               <keywords>
                  <term type="subject">Guerre civile espagnole (1936-1939)</term>
                  <term type="subject">Politique</term>
                  <term type="place">Espagne</term>
                  <term type="place">Barcelone</term>
               </keywords>
            </textClass>
         </profileDesc>
      </teiHeader>
      <text>
         <body>
            <div>
               <p/>
            </div>
         </body>
      </text>
   </TEI>
   <TEI xml:id="item_2299">
      <teiHeader>
         <fileDesc>
            <titleStmt>
               <title>[General,Virginia, Cantalicio C1]</title>
               <author key="MORA GUARNIDO, José">MORA GUARNIDO, José</author>
               <editor role="auteur_revision">PASSION Laurent (2015-04-09)</editor>
               <editor role="auteur_description">PASSION Laurent (2014-06-03)</editor>
            </titleStmt>
            <publicationStmt>
               <authority>Projet ANR-CHispa (ANR-13-JSH3-0006), Fatiha Idmhand (P.I), Institut des textes et manuscrits modernes (UMR 8132, CNRS-ENS)
                  CNRS-ENS ; ANR JCJC CHispa).</authority>
               <availability status="restricted">
                  <licence target="https://creativecommons.org/licenses/by-nc-sa/3.0/fr/">Fonds
                     ALCIDES GIRALDI Archives José Mora Guarnido. Licence Creative Commons
                     CC-BY-NC-SA</licence>
               </availability>
            </publicationStmt>
            <sourceDesc>
               <msDesc type="Théâtre (Pièce)">
                  <msIdentifier>
                     <repository>Fonds Alcides GIRALDI - Archives José Mora Guarnido&#xD; Service
                        Commun de la Documentation - SCD Lille 3&#xD; Rue du Barreau 59653
                        Villeneuve d'Ascq&#xD; FRANCE</repository>
                     <idno>JMG-AF1-01-C1</idno>
                  </msIdentifier>
                  <physDesc>
                     <ab type="Etat_general">Bon</ab>
                     <ab type="note">Rares corrections. Couleur de l'encre : noire. Couleur des
                        corrections : encre noire. Les &#xD; 3 premiers feuillets sont consacrés à
                        la présentation de l'oeuvre et des personnages.</ab>
                     <objectDesc>
                        <supportDesc>
                           <support>
                              <p>
                                 <objectType>Feuillets libres tapuscrits</objectType>
                                 <material>Papier</material>
                              </p>
                           </support>
                           <extent>9 f., 9 p. numérotées de 1 à 9, 288 x 222 mm</extent>
                        </supportDesc>
                     </objectDesc>
                  </physDesc>
               </msDesc>
               <bibl>
                  <date>Inédit</date>
               </bibl>
            </sourceDesc>
         </fileDesc>
         <profileDesc>
            <langUsage>
               <language ident="spa">Espagnol</language>
            </langUsage>
            <creation>
               <date when="1955-08-24/1955-09-18">1955-08-24/1955-09-18</date>
               <listChange ordered="true">
                  <change>Copie 1</change>
               </listChange>
            </creation>
            <textClass>
               <keywords>
                  <term type="subject">Troisième Guerre Mondiale</term>
                  <term type="place">Amérique</term>
               </keywords>
            </textClass>
         </profileDesc>
      </teiHeader>
      <text>
         <front>
            <performance>
               <p>Inédit</p>
            </performance>
         </front>
         <body>
            <div>
               <p/>
            </div>
         </body>
      </text>
   </TEI>
   <TEI xml:id="item_2315">
      <teiHeader>
         <fileDesc>
            <titleStmt>
               <title>De balcón a balcón, Amor sin alas [C2]</title>
               <author key="MORA GUARNIDO, José">MORA GUARNIDO, José</author>
               <editor role="auteur_revision">PASSION Laurent (2015-04-10)</editor>
               <editor role="auteur_description">PASSION Laurent (2014-06-04)</editor>
            </titleStmt>
            <publicationStmt>
               <authority>Projet ANR-CHispa (ANR-13-JSH3-0006), Fatiha Idmhand (P.I), Institut des textes et manuscrits modernes (UMR 8132, CNRS-ENS)
                  CNRS-ENS ; ANR JCJC CHispa).</authority>
               <availability status="restricted">
                  <licence target="https://creativecommons.org/licenses/by-nc-sa/3.0/fr/">Fonds
                     ALCIDES GIRALDI Archives José Mora Guarnido. Licence Creative Commons
                     CC-BY-NC-SA</licence>
               </availability>
            </publicationStmt>
            <notesStmt>
               <note type="abstract">Intermède en une scène</note>
               <relatedItem>
                  <msDesc>
                     <msIdentifier>
                        <idno>JMG-AF1-11-C1</idno>
                     </msIdentifier>
                  </msDesc>
               </relatedItem>
               <relatedItem>
                  <msDesc>
                     <msIdentifier>
                        <idno>JMG-AF1-11-C3</idno>
                     </msIdentifier>
                  </msDesc>
               </relatedItem>
            </notesStmt>
            <sourceDesc>
               <msDesc type="Théâtre (Intermède)">
                  <msIdentifier>
                     <repository>Fonds Alcides GIRALDI - Archives José Mora Guarnido&#xD; Service
                        Commun de la Documentation - SCD Lille 3&#xD; Rue du Barreau 59653
                        Villeneuve d'Ascq&#xD; FRANCE</repository>
                     <idno>JMG-AF1-11-C2</idno>
                  </msIdentifier>
                  <physDesc>
                     <ab type="Etat_general">Bon</ab>
                     <ab type="note">Rares corrections. Couleur de l'encre : noire. Couleur des
                        corrections : encre bleue. </ab>
                     <objectDesc>
                        <supportDesc>
                           <support>
                              <p>
                                 <objectType>Feuillets libres perforés tapuscrits</objectType>
                                 <material>Papier</material>
                              </p>
                           </support>
                           <extent>12 f., 12 p. numérotées de 3 à 12, 319 x 224 mm</extent>
                        </supportDesc>
                     </objectDesc>
                  </physDesc>
               </msDesc>
               <bibl>
                  <date>Inédit</date>
               </bibl>
            </sourceDesc>
         </fileDesc>
         <profileDesc>
            <langUsage>
               <language ident="spa">Espagnol</language>
            </langUsage>
            <creation>
               <date when="1940/1960">1940/1960</date>
               <listChange ordered="true">
                  <change>Copie 2</change>
               </listChange>
            </creation>
            <textClass>
               <keywords>
                  <term type="place">Amérique</term>
               </keywords>
            </textClass>
         </profileDesc>
      </teiHeader>
      <text>
         <front>
            <performance>
               <p>Inédit</p>
            </performance>
         </front>
         <body>
            <div>
               <p/>
            </div>
         </body>
      </text>
   </TEI>
</teiCorpus>
